Tamanho,Temp,Idade
5.82218081415004,13,1
7.05269806524232,14,1
8.82823360549109,17,2
8.88227057707526,15,2
9.17644433520918,17.5,3
9.24963392059072,18,2
9.29216537597872,16,2
9.7385270089783,17.5,3
9.75263905374158,19,2
9.89946581613742,19.5,2
10.0219345268222,21,2
10.0442393182362,19,2
10.0805173025931,20,3
10.2587022213234,20.5,3
10.9245020500021,21,3
11.3283488571913,20,3
11.6469371925074,18,4
12.0021557532,21.5,3
12.2354844246,22,4
12.9523463457,23,4
